launch_id,date,time,rocket,mission,pad_location,location,status,wx_probability,details_url
0a9a511a-7ea1-4402-8555-e087f580a5c4,2025-01-04,01:27:00,Falcon 9 Block 5,Thuraya 4-NGS,"Cape Canaveral SFS, FL, USA",United States of America,Launch Successful,95.0,
797939fd-480c-4e5a-8c0a-53b36b2695fe,2025-01-06,20:00:00,Long March 3B/E,Shijian 25,"Xichang Satellite Launch Center, People's Republic of China",China,Launch Successful,,
957f00c7-bcb4-4fe6-ac14-c35f11874104,2025-01-06,20:43:59,Falcon 9 Block 5,Starlink Group 6-71,"Cape Canaveral SFS, FL, USA",United States of America,Launch Successful,,
02a67327-807e-483f-ac6c-963a3fa22a5b,2025-01-08,15:27:00,Falcon 9 Block 5,Starlink Group 12-11,"Kennedy Space Center, FL, USA",United States of America,Launch Successful,,
f9308f6c-9576-4543-b2df-f5c0304c6a90,2025-01-10,03:53:49,Falcon 9 Block 5,NROL-153,"Vandenberg SFB, CA, USA",United States of America,Launch Successful,,
b56beca9-d106-4fde-8614-906ad04bef9a,2025-01-10,19:11:20,Falcon 9 Block 5,Starlink Group 12-12,"Cape Canaveral SFS, FL, USA",United States of America,Launch Successful,99.0,
f38f0321-080b-4313-843b-2b8c140b0669,2025-01-13,03:00:00,Smart Dragon 3,10 x CentiSpace-1,Sea Launch,China,Launch Successful,,
a07622a2-2b91-4050-886e-20ccd76d449a,2025-01-13,16:47:09,Falcon 9 Block 5,Starlink Group 12-4,"Cape Canaveral SFS, FL, USA",United States of America,Launch Successful,,
02b28510-be7b-43c1-ab97-b3671ab6813d,2025-01-14,19:09:00,Falcon 9 Block 5,Transporter 12 (Dedicated SSO Rideshare),"Vandenberg SFB, CA, USA",United States of America,Launch Successful,,
9a30d934-fa56-4fe5-81df-7c4b24386da2,2025-01-15,06:11:39,Falcon 9 Block 5,Blue Ghost Lunar Lander Mission 1 & Hakuto-R M2 “Resilience”,"Kennedy Space Center, FL, USA",United States of America,Launch Successful,90.0,
91bfaa47-76d6-4111-9830-d6c6c46c4dab,2025-01-16,07:03:00,New Glenn,Maiden Flight,"Cape Canaveral SFS, FL, USA",United States of America,Launch Successful,40.0,
4c5e9d81-a4e8-41b0-b906-f335ef5c2d95,2025-01-17,04:07:00,Long March 2D,PRSC-EO1,"Jiuquan Satellite Launch Center, People's Republic of China",China,Launch Successful,,
08f64722-f81e-45be-b744-52fe91cc339a,2025-01-20,10:11:00,Ceres-1,5 satellites,"Jiuquan Satellite Launch Center, People's Republic of China",China,Launch Successful,,
626c9bf7-261d-4acb-9031-4d80ae271678,2025-01-21,05:24:50,Falcon 9 Block 5,Starlink Group 13-1,"Kennedy Space Center, FL, USA",United States of America,Launch Successful,85.0,
f42de197-184e-48be-85ca-01b74e7fae5b,2025-01-21,15:45:50,Falcon 9 Block 5,Starlink Group 11-8,"Vandenberg SFB, CA, USA",United States of America,Launch Successful,,
fa36ad1a-e596-4d8a-9325-ec30c1853953,2025-01-23,05:15:00,Long March 6A,G60 Polar Group 06,"Taiyuan Satellite Launch Center, People's Republic of China",China,Launch Successful,,
00b19545-e13c-4863-a6b1-1a414a167c83,2025-01-23,15:32:00,Long March 3B/E,TJSW-14,"Xichang Satellite Launch Center, People's Republic of China",China,Launch Successful,,
0d989b81-7ddf-45a3-80d8-703f2728b8d9,2025-01-24,14:07:00,Falcon 9 Block 5,Starlink Group 11-6,"Vandenberg SFB, CA, USA",United States of America,Launch Successful,,
32e2c0d2-55ad-424f-9241-c3fd3a322a1e,2025-01-27,22:05:00,Falcon 9 Block 5,Starlink Group 12-7,"Cape Canaveral SFS, FL, USA",United States of America,Launch Successful,95.0,
2d39bb52-5258-4866-9f2b-d84e1b02afd3,2025-01-29,00:53:00,GSLV Mk II,IRNSS-1K (NVS-02),"Satish Dhawan Space Centre, India",India,Launch Successful,,
a22c6e2c-17ec-4fe4-ad82-d7cec52011bb,2025-01-30,01:34:00,Falcon 9 Block 5,SpainSat NG I,"Kennedy Space Center, FL, USA",United States of America,Launch Successful,95.0,
6f18e0ac-ef45-4658-89b1-1cbf48c821ae,2025-02-01,23:02:10,Falcon 9 Block 5,Starlink Group 11-4,"Vandenberg SFB, CA, USA",United States of America,Launch Successful,,
0680d9c6-8b90-405e-bbe0-167cd48e36bb,2025-02-02,08:30:00,H3-22,Michibiki 6 (QZS-6),"Tanegashima Space Center, Japan",Japan,Launch Successful,,
028d5699-11ea-4309-9266-5f9c2372219f,2025-02-04,10:15:00,Falcon 9 Block 5,Starlink Group 12-3,"Cape Canaveral SFS, FL, USA",United States of America,Launch Successful,95.0,
6632587d-9290-4cee-8a9c-ef91c61a7064,2025-02-04,23:13:00,Falcon 9 Block 5,WorldView Legion 5 & 6,"Kennedy Space Center, FL, USA",United States of America,Launch Successful,99.0,
682328d3-ce10-448c-be16-c5f8f851a312,2025-02-05,03:59:24,Soyuz 2.1v/Volga,Kosmos 2581/2582/2583,"Plesetsk Cosmodrome, Russian Federation",Russia,Launch Successful,,
fb0df8b6-7b94-4e49-93e0-5389755fc970,2025-02-08,19:18:30,Falcon 9 Block 5,Starlink Group 12-9,"Cape Canaveral SFS, FL, USA",United States of America,Launch Successful,99.0,
f842964b-288f-4100-95d4-3b3510712f81,2025-02-08,20:43:00,Electron,IoT 4 You and Me (Kinéis 16-20),"Rocket Lab Launch Complex 1, Mahia Peninsula, New Zealand",New Zealand,Launch Successful,,
e4c34b02-4b70-495b-9bc9-5cd19788ff2c,2025-02-11,02:09:40,Falcon 9 Block 5,Starlink Group 11-10,"Vandenberg SFB, CA, USA",United States of America,Launch Successful,,
ec1922a6-e089-4684-a576-7092fcf1ac20,2025-02-11,09:30:00,Long March 8A,SatNet LEO Group 02 (Demo Flight),"Wenchang Space Launch Site, People's Republic of China",China,Launch Successful,,
a2f29d72-f4ce-428d-b48a-fffe1780d84a,2025-02-11,18:53:20,Falcon 9 Block 5,Starlink Group 12-18,"Cape Canaveral SFS, FL, USA",United States of America,Launch Successful,95.0,
8c960a9e-ff4a-4390-a331-e1928186df5f,2025-02-15,06:14:10,Falcon 9 Block 5,Starlink Group 12-8,"Cape Canaveral SFS, FL, USA",United States of America,Launch Successful,80.0,
e58b3e2f-0066-4caf-9470-aa404e9a0142,2025-02-18,23:17:00,Electron,Fasten Your Space Belts (BlackSky Gen-3 1),"Rocket Lab Launch Complex 1, Mahia Peninsula, New Zealand",New Zealand,Launch Successful,,
4571a6a4-5d5b-4126-ba16-65d4581e7d73,2025-02-18,23:21:50,Falcon 9 Block 5,Starlink Group 10-12,"Cape Canaveral SFS, FL, USA",United States of America,Launch Successful,95.0,
e97293bd-0594-428c-949d-367b5638da1b,2025-02-21,15:19:00,Falcon 9 Block 5,Starlink Group 12-14,"Cape Canaveral SFS, FL, USA",United States of America,Launch Successful,85.0,
fa5bddd9-6b73-4b2d-93ef-b54303ad7d69,2025-02-22,12:11:00,Long March 3B/E,ChinaSat 10R,"Xichang Satellite Launch Center, People's Republic of China",China,Launch Successful,,
2b616a35-e7b7-497b-8cf1-ef26528b99de,2025-02-23,01:38:20,Falcon 9 Block 5,Starlink Group 15-1,"Vandenberg SFB, CA, USA",United States of America,Launch Successful,,
fd0fbaac-d079-4027-98b0-bcf25c15a166,2025-02-27,00:16:30,Falcon 9 Block 5,Nova-C IM-2 & Others,"Kennedy Space Center, FL, USA",United States of America,Launch Successful,99.0,
ce4b7780-7875-41c8-9ab1-c731eb5c7623,2025-02-27,03:34:20,Falcon 9 Block 5,Starlink Group 12-13,"Cape Canaveral SFS, FL, USA",United States of America,Launch Successful,99.0,
8a20cf13-f512-4d10-9c00-4dcf46fc81ba,2025-02-27,07:08:00,Long March 2C,SuperView Neo 1-03 & 04,"Jiuquan Satellite Launch Center, People's Republic of China",China,Launch Successful,,
76cbeca6-325c-40bb-b273-53bbb51c84fe,2025-02-27,21:24:27,Soyuz 2.1a,Progress MS-30 (91P),"Baikonur Cosmodrome, Republic of Kazakhstan",Kazakhstan,Launch Successful,,
f640a809-8402-46f9-8787-5ac954a9c17e,2025-03-01,10:00:00,Kuaizhou-1A,Unknown Payload,"Jiuquan Satellite Launch Center, People's Republic of China",China,Launch Failure,,
75d43ce8-6d8d-4e9f-9348-4f51902e63c2,2025-03-02,22:22:17,Soyuz 2.1b/Fregat-M,Glonass-K2 No. 14 (Kosmos 2584),"Plesetsk Cosmodrome, Russian Federation",Russia,Launch Successful,,
21fa8a9b-d2c6-4434-b510-96afb6ca1dd1,2025-03-03,02:24:00,Falcon 9 Block 5,Starlink Group 12-20,"Cape Canaveral SFS, FL, USA",United States of America,Launch Successful,90.0,
abb6612f-3fc4-4e9c-96ed-71c12f9e9086,2025-03-06,16:24:26,Ariane 62,CSO-3,"Guiana Space Centre, French Guiana",French Guiana,Launch Successful,,
cb233fad-863c-428a-80b0-4c28d31670c5,2025-03-09,17:17:00,Long March 3B/E,TJSW-15,"Xichang Satellite Launch Center, People's Republic of China",China,Launch Successful,,
1bb05be3-e862-44e2-8aac-0120a46904de,2025-03-11,16:38:00,Long March 8,G60 Polar Group 05,"Wenchang Space Launch Site, People's Republic of China",China,Launch Successful,,
800351fd-0bfb-4473-a07c-f19161976877,2025-03-12,03:10:12,Falcon 9 Block 5,SPHEREx & PUNCH,"Vandenberg SFB, CA, USA",United States of America,Launch Successful,90.0,
f616e759-a083-442d-bd10-328ace929e9b,2025-03-13,02:35:30,Falcon 9 Block 5,Starlink Group 12-21,"Cape Canaveral SFS, FL, USA",United States of America,Launch Successful,99.0,
fb39ac94-5e74-4ee9-afc5-df19c4132b28,2025-03-14,23:03:48,Falcon 9 Block 5,Crew-10,"Kennedy Space Center, FL, USA",United States of America,Launch Successful,99.0,
113a85d7-2f1c-4302-a1d5-9b8837ab6a33,2025-03-15,00:00:00,Electron,The Lightning God Reigns (iQPS Launch 1),"Rocket Lab Launch Complex 1, Mahia Peninsula, New Zealand",New Zealand,Launch Successful,,
8d6bf950-c580-4fa5-9bf2-a85700dabce3,2025-03-15,04:11:00,Long March 2D,SuperView Neo 3-02,"Jiuquan Satellite Launch Center, People's Republic of China",China,Launch Successful,,
4c2dfc7b-22f9-4695-8b13-46b7703871fc,2025-03-15,06:43:00,Falcon 9 Block 5,Transporter 13 (Dedicated SSO Rideshare),"Vandenberg SFB, CA, USA",United States of America,Launch Successful,,
721a8641-458c-49ee-8442-2ef5b6fba880,2025-03-15,11:35:10,Falcon 9 Block 5,Starlink Group 12-16,"Cape Canaveral SFS, FL, USA",United States of America,Launch Successful,99.0,
318df8ac-45a8-402b-a164-8bb7032601fd,2025-03-16,10:49:26,Angara 1.2,"3 x Rodnik (Kosmos 2585, 2586, 2587)","Plesetsk Cosmodrome, Russian Federation",Russia,Launch Successful,,
b9fac3ef-050f-4e6d-9688-f493dbe07815,2025-03-17,08:07:00,Ceres-1,8 satellites,"Jiuquan Satellite Launch Center, People's Republic of China",China,Launch Successful,,
ad025362-828f-448c-855d-bfe53e04cdeb,2025-03-18,01:31:00,Electron,High Five (Kinéis 21-25),"Rocket Lab Launch Complex 1, Mahia Peninsula, New Zealand",New Zealand,Launch Successful,,
ff04cc6f-981d-4b55-8368-3b8a59c1120e,2025-03-18,19:57:50,Falcon 9 Block 5,Starlink Group 12-25,"Cape Canaveral SFS, FL, USA",United States of America,Launch Successful,95.0,
171bf3b5-9b1c-4bd8-b64c-111257d06131,2025-03-21,06:49:00,Falcon 9 Block 5,NROL-57,"Vandenberg SFB, CA, USA",United States of America,Launch Successful,,
558c07d5-625d-4b83-b7a0-91d3de5797ae,2025-03-21,11:07:00,Ceres-1,Yunyao-1 43-48,"Jiuquan Satellite Launch Center, People's Republic of China",China,Launch Successful,,
c985cc7c-25ce-4bff-81ba-3b07334dae42,2025-03-24,17:48:00,Falcon 9 Block 5,NROL-69,"Cape Canaveral SFS, FL, USA",United States of America,Launch Successful,90.0,
94b4e77e-ac83-4b4b-8508-0443bd8bdecf,2025-03-26,15:30:00,Electron,Finding Hot Wildfires Near You (OroraTech OTC-P1),"Rocket Lab Launch Complex 1, Mahia Peninsula, New Zealand",New Zealand,Launch Successful,,
60ad9119-12a0-4c07-98eb-2302b7c61010,2025-03-26,15:55:00,Long March 3B/E,Tianlian 2-04,"Xichang Satellite Launch Center, People's Republic of China",China,Launch Successful,,
8bfaa532-18e6-4c40-9800-0714b5651f84,2025-03-26,22:11:40,Falcon 9 Block 5,Starlink Group 11-7,"Vandenberg SFB, CA, USA",United States of America,Launch Successful,,
fe50e1e8-7829-4031-9812-8782a4859720,2025-03-29,16:05:00,Long March 7A,TJSW-16,"Wenchang Space Launch Site, People's Republic of China",China,Launch Successful,,
e652a538-6d40-4b55-97a6-7c757ec4e1e9,2025-03-30,10:30:00,Spectrum,Maiden Flight,Andøya Spaceport,Norway,Launch Failure,,
a0058cfb-c868-44b6-82cb-7f4ed286b272,2025-03-31,19:52:50,Falcon 9 Block 5,Starlink Group 6-80,"Cape Canaveral SFS, FL, USA",United States of America,Launch Successful,65.0,
8ce07863-00fd-4a90-b3e2-d1811a8f4f9d,2025-04-01,01:46:50,Falcon 9 Block 5,Fram2,"Kennedy Space Center, FL, USA",United States of America,Launch Successful,60.0,
aa591da9-5a59-4ed3-bfc3-284e67bdacd8,2025-04-01,04:00:00,Long March 2D,4 x SatNet test satellites,"Jiuquan Satellite Launch Center, People's Republic of China",China,Launch Successful,,
fd941ac6-a408-49b3-b5be-03fb2313651a,2025-04-03,02:12:00,Long March 6,Tianping-3A-02,"Taiyuan Satellite Launch Center, People's Republic of China",China,Launch Successful,,
ac88db1a-3416-4671-8ae5-be14ea825806,2025-04-04,01:02:50,Falcon 9 Block 5,Starlink Group 11-13,"Vandenberg SFB, CA, USA",United States of America,Launch Successful,,
c6a16e97-3191-49af-af18-5d2111b2dd26,2025-04-06,03:07:20,Falcon 9 Block 5,Starlink Group 6-72,"Cape Canaveral SFS, FL, USA",United States of America,Launch Successful,99.0,
505662c5-fad1-485c-9e65-b72431443c74,2025-04-07,23:06:10,Falcon 9 Block 5,Starlink Group 11-11,"Vandenberg SFB, CA, USA",United States of America,Launch Successful,,
a3c9c47e-976e-40a5-8889-30c407131e3a,2025-04-08,05:47:15,Soyuz 2.1a,Soyuz MS-27,"Baikonur Cosmodrome, Republic of Kazakhstan",Kazakhstan,Launch Successful,,
373addc7-d9b5-40a6-a6c2-e4b7116b21f1,2025-04-10,16:47:00,Long March 3B/E,TJSW-17,"Xichang Satellite Launch Center, People's Republic of China",China,Launch Successful,,
88675d6b-d504-4aa6-9175-69a8610a40dd,2025-04-12,12:25:00,Falcon 9 Block 5,NROL-192,"Vandenberg SFB, CA, USA",United States of America,Launch Successful,,
cfe2177c-6ff0-4ccb-95d5-c8be3510ea65,2025-04-13,00:53:30,Falcon 9 Block 5,Starlink Group 12-17,"Kennedy Space Center, FL, USA",United States of America,Launch Successful,99.0,
af19169f-5738-42b4-be80-bd583293c58f,2025-04-14,04:00:10,Falcon 9 Block 5,Starlink Group 6-73,"Cape Canaveral SFS, FL, USA",United States of America,Launch Successful,99.0,
18aeb565-fc14-402e-be79-c8b141db209f,2025-04-16,19:33:00,Minotaur IV,NROL-174,"Vandenberg SFB, CA, USA",United States of America,Launch Successful,,
b38ffcec-db3b-4cbf-8ea1-865915a51f45,2025-04-18,22:51:00,Long March 6A,Shiyan 27 01-06,"Taiyuan Satellite Launch Center, People's Republic of China",China,Launch Successful,,
121ae1a6-dfff-4f31-9111-7841c2f09e86,2025-04-20,12:29:00,Falcon 9 Block 5,NROL-145,"Vandenberg SFB, CA, USA",United States of America,Launch Successful,,
6f25718d-40d8-4c74-be30-b70674a0dfb3,2025-04-21,08:15:45,Falcon 9 Block 5,Dragon CRS-2 SpX-32,"Kennedy Space Center, FL, USA",United States of America,Launch Successful,95.0,
affb557b-fd5d-4a27-b33e-5e37d03099e8,2025-04-22,00:48:34,Falcon 9 Block 5,Bandwagon 3 (Dedicated Mid-Inclination Rideshare),"Cape Canaveral SFS, FL, USA",United States of America,Launch Successful,95.0,
a164daf8-31df-4d34-bf67-5ec41b3a9f9b,2025-04-24,09:17:31,Long March 2F/G,Shenzhou 20,"Jiuquan Satellite Launch Center, People's Republic of China",China,Launch Successful,,
a4f7594c-1391-4cfe-9c2b-f3abc59c3eca,2025-04-25,01:52:40,Falcon 9 Block 5,Starlink Group 6-74,"Cape Canaveral SFS, FL, USA",United States of America,Launch Successful,99.0,
361bd92a-4f69-42f4-b2e4-c5c76b61c030,2025-04-27,15:54:00,Long March 3B/E,Tianlian 2-05,"Xichang Satellite Launch Center, People's Republic of China",China,Launch Successful,,
8bfe9ea6-71b9-4642-be1c-c87c098e480b,2025-04-28,02:09:40,Falcon 9 Block 5,Starlink Group 12-23,"Cape Canaveral SFS, FL, USA",United States of America,Launch Successful,90.0,
eba3b1ed-3b47-4f45-9719-168f6470d8b6,2025-04-28,20:10:00,Long March 5B/YZ-2,SatNet LEO Group 03,"Wenchang Space Launch Site, People's Republic of China",China,Launch Successful,,
b1605acf-4f76-4c80-9d3c-6d856dbd8a76,2025-04-28,20:42:30,Falcon 9 Block 5,Starlink Group 11-9,"Vandenberg SFB, CA, USA",United States of America,Launch Successful,,
fac9159b-5960-464b-bc04-9879d30bb3cd,2025-04-28,23:01:00,Atlas V 551,Project Kuiper (KA-01),"Cape Canaveral SFS, FL, USA",United States of America,Launch Successful,75.0,
306fbca9-d41b-44fa-b6aa-f14a7e3b887d,2025-04-29,02:34:10,Falcon 9 Block 5,Starlink Group 12-10,"Kennedy Space Center, FL, USA",United States of America,Launch Successful,75.0,
ccbd07da-d3c7-4b22-a5ee-cb190f6e06b0,2025-04-29,09:15:52,Vega-C,Biomass,"Guiana Space Centre, French Guiana",French Guiana,Launch Successful,,
d6dd6900-332e-4e9e-89b8-dfa4ba285822,2025-04-29,13:37:00,Firefly Alpha,FLTA006 (Message in a Booster),"Vandenberg SFB, CA, USA",United States of America,Launch Failure,90.0,
1a105ccb-e59f-48e8-b853-c424bd8cc699,2025-05-02,01:51:10,Falcon 9 Block 5,Starlink Group 6-75,"Cape Canaveral SFS, FL, USA",United States of America,Launch Successful,99.0,
8ffb4866-43c9-46c1-aaac-05bd37891b0a,2025-05-04,08:54:40,Falcon 9 Block 5,Starlink Group 6-84,"Kennedy Space Center, FL, USA",United States of America,Launch Successful,60.0,
d5e8b971-0138-42d7-a6ba-7d43bf529d5e,2025-05-07,01:17:20,Falcon 9 Block 5,Starlink Group 6-93,"Cape Canaveral SFS, FL, USA",United States of America,Launch Successful,85.0,
7b685ef7-f610-413f-bd4a-cc58aed97be2,2025-05-10,00:19:50,Falcon 9 Block 5,Starlink Group 15-3,"Vandenberg SFB, CA, USA",United States of America,Launch Successful,,
ebed9e27-bbd3-4c9c-a254-100ef978dd85,2025-05-10,06:28:00,Falcon 9 Block 5,Starlink Group 6-91,"Cape Canaveral SFS, FL, USA",United States of America,Launch Successful,55.0,
3840ded6-17a8-46f8-89dd-4cf0613726a5,2025-05-11,13:27:00,Long March 6A,Yaogan 40 Group 02,"Taiyuan Satellite Launch Center, People's Republic of China",China,Launch Successful,,
d177aef3-da3a-4b86-8c88-ab6de684eeb4,2025-05-12,18:09:00,Long March 3C/E,TJSW-19,"Xichang Satellite Launch Center, People's Republic of China",China,Launch Successful,,
0ab25471-b026-4252-93ab-89d91c1a7f4d,2025-05-13,01:15:10,Falcon 9 Block 5,Starlink Group 15-4,"Vandenberg SFB, CA, USA",United States of America,Launch Successful,,
1166593d-ea03-42eb-b44d-80d7bd09c39a,2025-05-13,05:02:20,Falcon 9 Block 5,Starlink Group 6-83,"Kennedy Space Center, FL, USA",United States of America,Launch Successful,90.0,
25c80fb0-4eba-4624-8163-9e5ace26bd19,2025-05-14,04:12:00,Long March 2D,Space Computing Constellation,"Jiuquan Satellite Launch Center, People's Republic of China",China,Launch Successful,,
05eef4ad-acc0-490d-822e-ce1c98f37c11,2025-05-14,16:38:50,Falcon 9 Block 5,Starlink Group 6-67,"Cape Canaveral SFS, FL, USA",United States of America,Launch Successful,95.0,
17b4ef9c-7ee9-4a2a-a57e-dd973ecf573b,2025-05-16,13:43:50,Falcon 9 Block 5,Starlink Group 15-5,"Vandenberg SFB, CA, USA",United States of America,Launch Successful,,
35cd0984-b80f-4bc9-9d7a-ead47a40bccd,2025-05-17,04:12:00,Zhuque-2E,6 satellites,"Jiuquan Satellite Launch Center, People's Republic of China",China,Launch Successful,,
a150bf95-0152-410d-9657-423608ddfab4,2025-05-17,08:17:00,Electron,The Sea God Sees (iQPS Launch 2),"Rocket Lab Launch Complex 1, Mahia Peninsula, New Zealand",New Zealand,Launch Successful,,
e6d98870-9a89-4cca-bbd1-511eed4bf2ce,2025-05-18,00:29:00,PSLV-XL,EOS-09 (RISAT-1B),"Satish Dhawan Space Centre, India",India,Launch Failure,,
0a8bf8c3-9f75-4fe9-a13d-9419eb09f432,2025-05-19,07:38:00,Ceres-1S,Tianqi 16-18 & 20,Sea Launch,China,Launch Successful,,
59831598-6413-41fb-ae61-ad731c05dc4f,2025-05-20,11:50:00,Long March 7A,ChinaSat 3B,"Wenchang Space Launch Site, People's Republic of China",China,Launch Successful,,
38782ad8-6826-4594-bcca-ddcee8ff25e4,2025-05-21,03:19:10,Falcon 9 Block 5,Starlink Group 12-15,"Cape Canaveral SFS, FL, USA",United States of America,Launch Successful,95.0,
82cbee8b-4a94-4bff-a444-328b8db4da78,2025-05-21,04:05:00,Kinetica 1,6 satellites,"Jiuquan Satellite Launch Center, People's Republic of China",China,Launch Successful,,
b8eec19b-3974-4468-a15a-180e5af5071a,2025-05-23,08:36:00,Soyuz 2.1b/Fregat-M,Kosmos 2588,"Plesetsk Cosmodrome, Russian Federation",Russia,Launch Successful,,
b37179f7-1d22-4398-bd58-1d50d9d58344,2025-05-23,22:32:20,Falcon 9 Block 5,Starlink Group 11-16,"Vandenberg SFB, CA, USA",United States of America,Launch Successful,,
2f3402d8-998f-4659-a5f6-ced132098d2f,2025-05-24,17:19:10,Falcon 9 Block 5,Starlink Group 12-22,"Cape Canaveral SFS, FL, USA",United States of America,Launch Successful,80.0,
02e56635-63a6-4abc-9f27-1e30f23bc7e1,2025-05-27,16:57:15,Falcon 9 Block 5,Starlink Group 17-1,"Vandenberg SFB, CA, USA",United States of America,Launch Successful,,
1c2d7f7c-20d1-4764-8be5-f5e651e6724e,2025-05-28,13:30:00,Falcon 9 Block 5,Starlink Group 10-32,"Kennedy Space Center, FL, USA",United States of America,Launch Successful,80.0,
66be38aa-d9d9-4b71-8522-45e06677b2e0,2025-05-28,17:31:00,Long March 3B/E,Tianwen-2,"Xichang Satellite Launch Center, People's Republic of China",China,Launch Successful,,
1e034f32-7384-4dd8-ba07-fe284fd8519e,2025-05-29,04:12:00,Long March 4B,Shijian 26,"Jiuquan Satellite Launch Center, People's Republic of China",China,Launch Successful,,
7abd2e55-aee8-42f5-8eb2-b44dfda45708,2025-05-30,17:37:59,Falcon 9 Block 5,GPS III SV08,"Cape Canaveral SFS, FL, USA",United States of America,Launch Successful,50.0,
53264b64-3f01-4745-a900-f5596c0e4ef8,2025-05-31,20:10:00,Falcon 9 Block 5,Starlink Group 11-18,"Vandenberg SFB, CA, USA",United States of America,Launch Successful,,
96f437cb-83c1-414b-8e32-d0e1bd6c265b,2025-06-02,23:57:00,Electron,Full Stream Ahead (BlackSky Gen-3 2),"Rocket Lab Launch Complex 1, Mahia Peninsula, New Zealand",New Zealand,Launch Successful,,
0c4546c7-80f2-4a0b-8580-f9f62767e326,2025-06-03,04:43:40,Falcon 9 Block 5,Starlink Group 12-19,"Cape Canaveral SFS, FL, USA",United States of America,Launch Successful,65.0,
93f37c4a-f5d5-4c5d-b21a-a618c8540918,2025-06-04,23:40:30,Falcon 9 Block 5,Starlink Group 11-22,"Vandenberg SFB, CA, USA",United States of America,Launch Successful,,
b93d5dbe-f3c1-4845-8716-fbf43d1dfd66,2025-06-05,20:45:00,Long March 6A,SatNet LEO Group 04,"Taiyuan Satellite Launch Center, People's Republic of China",China,Launch Successful,,
b3f7dd08-1e48-498c-8fcb-193b8d54ed6b,2025-06-07,04:54:00,Falcon 9 Block 5,Sirius SXM-10,"Cape Canaveral SFS, FL, USA",United States of America,Launch Successful,85.0,
fb36a6be-e8e1-4bb9-9833-7cf98aa91d78,2025-06-08,14:20:10,Falcon 9 Block 5,Starlink Group 15-8,"Vandenberg SFB, CA, USA",United States of America,Launch Successful,,
e084e9ae-5d37-4c4c-b6a9-1bc6047086f3,2025-06-10,13:05:40,Falcon 9 Block 5,Starlink Group 12-24,"Cape Canaveral SFS, FL, USA",United States of America,Launch Successful,95.0,
0a4ae6ce-07ef-4e48-9b4d-0bf4e1182134,2025-06-11,15:31:00,Electron,The Mountain God Guards (iQPS Launch 3),"Rocket Lab Launch Complex 1, Mahia Peninsula, New Zealand",New Zealand,Launch Successful,70.0,
20f57212-6c6c-45c9-ba80-b4f90a470c7c,2025-06-13,01:54:50,Falcon 9 Block 5,Starlink Group 15-6,"Vandenberg SFB, CA, USA",United States of America,Launch Successful,,
f52bce97-24cc-4ee5-9140-480c68bd65cf,2025-06-13,15:29:00,Falcon 9 Block 5,Starlink Group 12-26,"Cape Canaveral SFS, FL, USA",United States of America,Launch Successful,60.0,
bb2d58b8-c5da-4cdb-9cd2-a646c1f62591,2025-06-14,07:56:00,Long March 2D,Zhangheng-1-02,"Jiuquan Satellite Launch Center, People's Republic of China",China,Launch Successful,,
b9c7d6a5-49cc-4ce2-b1ef-1a4f3d049658,2025-06-17,03:36:50,Falcon 9 Block 5,Starlink Group 15-9,"Vandenberg SFB, CA, USA",United States of America,Launch Successful,,
35c0c65c-3077-45e8-a374-790f7d202ccb,2025-06-18,05:55:10,Falcon 9 Block 5,Starlink Group 10-18,"Cape Canaveral SFS, FL, USA",United States of America,Launch Successful,95.0,
4e6e74a5-6ffb-4dc3-8f39-90545067bf12,2025-06-19,03:00:00,Angara A5/Briz-M,Kosmos 2589,"Plesetsk Cosmodrome, Russian Federation",Russia,Launch Successful,,
7339173c-ff5d-4cd1-bd08-ed92f8362745,2025-06-20,12:37:00,Long March 3B/E,ChinaSat 9C,"Xichang Satellite Launch Center, People's Republic of China",China,Launch Successful,,
f78364d9-3c60-4c72-a410-84a499233db0,2025-06-23,05:58:30,Falcon 9 Block 5,Starlink Group 10-23,"Cape Canaveral SFS, FL, USA",United States of America,Launch Successful,90.0,
9d90b9bc-9c62-4618-8514-6f835b4a2030,2025-06-23,10:54:30,Atlas V 551,Project Kuiper (KA-02),"Cape Canaveral SFS, FL, USA",United States of America,Launch Successful,85.0,
0d3c2ff0-3b31-4066-8b33-5759b6866c39,2025-06-23,21:25:30,Falcon 9 Block 5,Transporter 14 (Dedicated SSO Rideshare),"Vandenberg SFB, CA, USA",United States of America,Launch Successful,,
0805af04-c2ea-4750-9eb4-f24f89eeb5d6,2025-06-25,06:31:52,Falcon 9 Block 5,Axiom Space Mission 4,"Kennedy Space Center, FL, USA",United States of America,Launch Successful,90.0,
bf1ba689-89cb-4ca5-9a10-2187cbec279b,2025-06-25,19:54:50,Falcon 9 Block 5,Starlink Group 10-16,"Cape Canaveral SFS, FL, USA",United States of America,Launch Successful,80.0,
140dd3f9-da40-4558-878f-a84246d76151,2025-06-26,17:28:00,Electron,Get The Hawk Outta Here (4x HawkEye 360),"Rocket Lab Launch Complex 1, Mahia Peninsula, New Zealand",New Zealand,Launch Successful,,
6eec6708-ec59-4e83-94a9-3f861594bb0e,2025-06-28,04:26:00,Falcon 9 Block 5,Starlink Group 10-34,"Cape Canaveral SFS, FL, USA",United States of America,Launch Successful,60.0,
0f16b696-d248-4096-9be7-953802c569b2,2025-06-28,07:08:00,Electron,Symphony In The Stars,"Rocket Lab Launch Complex 1, Mahia Peninsula, New Zealand",New Zealand,Launch Successful,,
87d3fde4-e6f6-4e8b-bc9a-d5c28915acb3,2025-06-28,16:33:03,H-IIA 202,GOSAT-GW (Ibuki GW),"Tanegashima Space Center, Japan",Japan,Launch Successful,,
903b888d-7633-4104-9db3-ed3e5263759c,2025-06-28,17:13:00,Falcon 9 Block 5,Starlink Group 15-7,"Vandenberg SFB, CA, USA",United States of America,Launch Successful,,
a6317760-1c15-4064-8b1f-fc3f68882a77,2025-07-01,21:04:00,Falcon 9 Block 5,MTG-S1,"Kennedy Space Center, FL, USA",United States of America,Launch Successful,20.0,
17500639-e28a-429b-a8cb-02c3f47b3379,2025-07-02,06:28:10,Falcon 9 Block 5,Starlink Group 10-25,"Cape Canaveral SFS, FL, USA",United States of America,Launch Successful,90.0,
0ab496a8-c2e1-455f-b88c-f2ec5eecb825,2025-07-03,09:35:00,Long March 4C,Shiyan 28 B-01,"Xichang Satellite Launch Center, People's Republic of China",China,Launch Successful,,
dc076ce3-bff6-434d-bfce-8eaaa9800067,2025-07-03,19:32:40,Soyuz 2.1a,Progress MS-31 (92P),"Baikonur Cosmodrome, Republic of Kazakhstan",Kazakhstan,Launch Successful,,
017fa05c-4225-44f1-81f4-94a559547238,2025-07-08,08:21:00,Falcon 9 Block 5,Starlink Group 10-28,"Cape Canaveral SFS, FL, USA",United States of America,Launch Successful,95.0,
d54113f9-985e-4e40-a7e7-dbeb07b85b44,2025-07-13,05:04:00,Falcon 9 Block 5,Dror-1,"Cape Canaveral SFS, FL, USA",United States of America,Launch Successful,80.0,
5c133377-be3c-41f1-ac6a-c24668d78bc3,2025-07-14,21:34:23,Long March 7,Tianzhou-9,"Wenchang Space Launch Site, People's Republic of China",China,Launch Successful,,
8a06f398-67af-409e-9fac-8de4ef3a42c4,2025-07-16,02:05:20,Falcon 9 Block 5,Starlink Group 15-2,"Vandenberg SFB, CA, USA",United States of America,Launch Successful,,
fa8460de-5bbc-42fe-8702-47bf5dde5442,2025-07-16,06:30:00,Falcon 9 Block 5,Project Kuiper (KF-01),"Cape Canaveral SFS, FL, USA",United States of America,Launch Successful,80.0,
9f1f16e9-909b-494e-bed7-e44ec3ec66d9,2025-07-19,03:52:59,Falcon 9 Block 5,Starlink Group 17-3,"Vandenberg SFB, CA, USA",United States of America,Launch Successful,,
5221eb56-ccb1-498c-a757-89e34cc099d7,2025-07-21,21:12:00,Falcon 9 Block 5,O3b mPower 9-10,"Cape Canaveral SFS, FL, USA",United States of America,Go for Launch,,
c1dc33ba-c9cc-4c1d-ad9f-120096f60be3,2025-07-22,18:13:00,Falcon 9 Block 5,TRACERS,"Vandenberg SFB, CA, USA",United States of America,Go for Launch,,
d4eba3cb-9474-41f9-9618-a90d1c0b7025,2025-07-24,09:12:00,Falcon 9 Block 5,Starlink Group 10-26,"Cape Canaveral SFS, FL, USA",United States of America,To Be Confirmed,,
2ae6c1b3-e234-419f-ae71-a7d5410d9303,2025-07-25,05:54:00,Soyuz 2.1b/Fregat-M,Ionosfera-M 3 & 4,"Vostochny Cosmodrome, Siberia, Russian Federation",Russia,To Be Confirmed,,
a2a87bed-7e8c-4680-a282-045c4ffe9917,2025-07-26,02:03:00,Vega-C,CO3D & MicroCarb,"Guiana Space Centre, French Guiana",French Guiana,Go for Launch,,
a483028f-2dda-447b-bacd-bcb534903074,2025-07-26,02:09:00,Falcon 9 Block 5,Starlink Group 17-2,"Vandenberg SFB, CA, USA",United States of America,To Be Confirmed,,
5792dbed-ea1a-4095-9c74-6d6de99b9827,2025-07-26,21:30:00,Eris-1,Maiden Flight,Bowen Orbital Spaceport,Australia,Go for Launch,,
77260245-22c9-4a05-8df6-af7441206c83,2025-07-29,15:39:00,Falcon 9 Block 5,Starlink Group 13-4,"Vandenberg SFB, CA, USA",United States of America,To Be Confirmed,,
3e852c36-4179-4c45-a2b1-9252e639372f,2025-07-30,11:30:00,GSLV Mk II,NISAR (NASA-ISRO Synthetic Aperture Radar),"Satish Dhawan Space Centre, India",India,To Be Confirmed,,
0c5642f3-24ae-4879-a8e9-981ad36a8911,2025-07-31,00:00:00,Vulcan VC4S,USSF-106,"Cape Canaveral SFS, FL, USA",United States of America,To Be Determined,,
88b4b179-c4ed-4bd1-868d-ced568a2342a,2025-07-31,16:09:20,Falcon 9 Block 5,Crew-11,"Kennedy Space Center, FL, USA",United States of America,Go for Launch,,
49678ae6-8664-4d60-9aa2-622c087ed917,2025-08-20,17:13:00,Soyuz 2.1a,Bion-M No. 2,"Baikonur Cosmodrome, Republic of Kazakhstan",Kazakhstan,To Be Confirmed,,
1c040590-5157-4850-86e2-f878dd7d49d4,2025-08-31,00:00:00,LVM-3,BlueBird Block 2 #1,"Satish Dhawan Space Centre, India",India,To Be Determined,,
1b9bed2f-7e00-4d95-b5d1-7b71c36a4ab1,2025-08-31,00:00:00,Ariane 62,Metop-SG A1,"Guiana Space Centre, French Guiana",French Guiana,To Be Determined,,
e8e93778-657c-401c-9c88-3cd4c7c45c9d,2025-08-31,00:00:00,Falcon 9 Block 5,Dragon CRS-2 SpX-33,"Cape Canaveral SFS, FL, USA",United States of America,To Be Determined,,
4ed83998-e8bc-4e53-9e07-1ae931ae712f,2025-08-31,00:00:00,Falcon 9 Block 5,SDA Tranche 1 Transport Layer B,"Vandenberg SFB, CA, USA",United States of America,To Be Determined,,
41d2ac1b-a506-47ae-8e44-8b65f5d6f239,2025-08-31,00:00:00,Falcon 9 Block 5,Bandwagon 4 (Dedicated Mid-Inclination Rideshare),"Cape Canaveral SFS, FL, USA",United States of America,To Be Determined,,
84a2a107-1e44-4994-ad9f-430ee81a741a,2025-08-31,00:00:00,Falcon 9 Block 5,Nusantara Lima,"Cape Canaveral SFS, FL, USA",United States of America,To Be Determined,,
d4813e5c-305e-4401-ba4f-917aa1aaceae,2025-09-11,13:49:00,Soyuz 2.1a,Progress MS-32 (93P),"Baikonur Cosmodrome, Republic of Kazakhstan",Kazakhstan,To Be Confirmed,,
3bfed6d5-d65e-4133-b51a-b664bbd9d006,2025-09-30,00:00:00,Falcon 9 Block 5,Cygnus CRS-2 NG-23,"Cape Canaveral SFS, FL, USA",United States of America,To Be Determined,,
87347db1-de71-4c66-803c-7f602649e56c,2025-09-30,00:00:00,Long March 8,G60 Group TBD,"Wenchang Space Launch Site, People's Republic of China",China,To Be Determined,,
47deaaf0-40d9-4400-bd92-4cabf1da5791,2025-09-30,00:00:00,Atlas V 551,ViaSat-3 EMEA,"Cape Canaveral SFS, FL, USA",United States of America,To Be Determined,,
9c950919-5d11-4a79-a4f1-be7387678c0a,2025-09-30,00:00:00,New Glenn,EscaPADE,"Cape Canaveral SFS, FL, USA",United States of America,To Be Determined,,
9642cfef-4687-495a-af2e-2ac81fa1e12a,2025-09-30,00:00:00,Falcon 9 Block 5,KOMPSAT-7A,"Cape Canaveral SFS, FL, USA",United States of America,To Be Determined,,
7b60de1e-7d8a-4213-a2f5-44a01ae21e28,2025-09-30,00:00:00,Soyuz 2.1a,Obzor-R No.1,"Plesetsk Cosmodrome, Russian Federation",Russia,To Be Determined,,
91b13c6c-4525-496d-997b-3521bb6a4cd8,2025-09-30,00:00:00,RFA One,Maiden Flight,SaxaVord Spaceport,United Kingdom,To Be Determined,,
cad4ded9-6f24-4b6c-b4ed-b5dca4613cdd,2025-09-30,00:00:00,Falcon 9 Block 5,NAOS,"Vandenberg SFB, CA, USA",United States of America,To Be Determined,,
689d7129-10fa-4df9-b81e-2b8fb926bbaf,2025-09-30,00:00:00,Falcon 9 Block 5,IMAP & others,"Kennedy Space Center, FL, USA",United States of America,To Be Determined,,
82aef7fd-9664-4e94-970c-5e99eff1b331,2025-09-30,00:00:00,Long March 12,SatNet LEO Group TBD?,"Wenchang Space Launch Site, People's Republic of China",China,To Be Determined,,
a67b40f9-cfcc-4614-a355-a156280b4bb3,2025-09-30,00:00:00,Vulcan VC4L,Dream Chaser CRS 2 Flight 1,"Cape Canaveral SFS, FL, USA",United States of America,To Be Determined,,
e1a3b702-464f-435d-8c1f-ade9be196b77,2025-09-30,00:00:00,H3-30,H3-30 Test Flight,"Tanegashima Space Center, Japan",Japan,To Be Determined,,
ef9850ad-1096-425b-9d27-f7bbd186e61a,2025-09-30,00:00:00,Vulcan VC6L,Project Kuiper (Vulcan #1),"Cape Canaveral SFS, FL, USA",United States of America,To Be Determined,,
43cfdc96-8481-446f-ace5-ddc5ed60fb14,2025-10-20,00:00:00,Soyuz 2.1b/Fregat-M,AIST-2T 01 & 02,"Vostochny Cosmodrome, Siberia, Russian Federation",Russia,To Be Determined,,
6ecd1d24-db6d-4144-8e1b-f6ba5ceae8be,2025-10-22,00:00:00,Falcon 9 Block 5,SpainSat NG II,"Cape Canaveral SFS, FL, USA",United States of America,To Be Determined,,
dc4c201e-b11d-4650-91cc-ecc2eec95598,2025-10-31,00:00:00,Falcon 9 Block 5,Transporter 15 (Dedicated SSO Rideshare),"Vandenberg SFB, CA, USA",United States of America,To Be Determined,,
04154b70-045b-4e3a-bb5a-e5436091ba37,2025-10-31,00:00:00,Electron,VICTUS HAZE,"Rocket Lab Launch Complex 1, Mahia Peninsula, New Zealand",New Zealand,To Be Determined,,
20d5676e-111b-40e3-8923-b218c3665ca2,2025-10-31,00:00:00,GSLV Mk II,IRNSS-1L (NVS-03),"Satish Dhawan Space Centre, India",India,To Be Determined,,
8c2412ae-fbef-443f-aae8-db538f38eec6,2025-10-31,00:00:00,H3-24,HTV-X1,"Tanegashima Space Center, Japan",Japan,To Be Determined,,
40beac6e-ce8e-4481-8cf9-56d1d9c48804,2025-11-27,07:26:00,Soyuz 2.1a,Soyuz MS-28,"Baikonur Cosmodrome, Republic of Kazakhstan",Kazakhstan,To Be Confirmed,,
7afcacb9-32aa-41ee-a000-0c7158f324c2,2025-11-29,00:00:00,Ariane 62,Sentinel-1D,"Guiana Space Centre, French Guiana",French Guiana,To Be Determined,,
a5e8c7ff-f30d-488d-8ef3-b445cbd75fd3,2025-11-30,00:00:00,Falcon 9 Block 5,Sentinel-6B,"Vandenberg SFB, CA, USA",United States of America,To Be Determined,,
5c7280f6-b793-4899-a6fe-1d274ed46493,2025-11-30,00:00:00,Nuri,CAS500-3,"Naro Space Center, South Korea",South Korea,To Be Determined,,
90232cff-15ff-4755-8a56-4ed544767665,2025-11-30,00:00:00,PSLV-XL,Oceansat-3A,"Satish Dhawan Space Centre, India",India,To Be Determined,,
cf34aee7-a118-433b-8337-05b2c6892815,2025-12-18,22:54:00,Soyuz 2.1a,Progress MS-33 (94P),"Baikonur Cosmodrome, Republic of Kazakhstan",Kazakhstan,To Be Confirmed,,
88d03398-af55-4bca-967e-bfe868a3cbf5,2025-12-31,00:00:00,Falcon 9 Block 5,Project Kuiper (KF-03),"Cape Canaveral SFS, FL, USA",United States of America,To Be Determined,,
f9e4852a-fba8-4937-9a86-5a05b3244fb1,2025-12-31,00:00:00,Electron,BlackSky Gen-3 3,"Rocket Lab Launch Complex 1, Mahia Peninsula, New Zealand",New Zealand,To Be Determined,,
8e7d57b1-b5c0-4d0d-a575-fe23606bdeee,2025-12-31,00:00:00,Ariane 62,Galileo L14 (FOC FM29 & FM30),"Guiana Space Centre, French Guiana",French Guiana,To Be Determined,,
550f778d-6c2d-41fc-b182-6f0cd8feda93,2025-12-31,00:00:00,Vulcan,USSF-87,"Cape Canaveral SFS, FL, USA",United States of America,To Be Determined,,
2f31a7f0-968a-448d-b447-333bf0341078,2025-12-31,00:00:00,Falcon 9 Block 5,Rivada 4,"Vandenberg SFB, CA, USA",United States of America,To Be Determined,,
0f72968a-773c-4f73-bc34-5fe40e6affc3,2025-12-31,00:00:00,Falcon 9 Block 5,CAS500-2 & CAS500-4,"Vandenberg SFB, CA, USA",United States of America,To Be Determined,,
5ca83f30-9e3d-439c-ac1d-b57953943355,2025-12-31,00:00:00,Long March 2F/G,Shenzhou 21,"Jiuquan Satellite Launch Center, People's Republic of China",China,To Be Determined,,
649bf8ed-f2a6-4923-aaf0-6086ad0227f5,2025-12-31,00:00:00,Vulcan,WGS-11,"Cape Canaveral SFS, FL, USA",United States of America,To Be Determined,,
0a399395-31f6-424f-9718-4958f7d3867c,2025-12-31,00:00:00,Vulcan,USSF-114,"Vandenberg SFB, CA, USA",United States of America,To Be Determined,,
05c00251-c8db-4922-9244-d1e407427962,2025-12-31,00:00:00,GSLV Mk II,GSAT-7C,"Satish Dhawan Space Centre, India",India,To Be Determined,,
875ba957-be5f-42bd-8a6e-ed98254f572a,2025-12-31,00:00:00,Firefly Alpha,Jackal AOV,"Vandenberg SFB, CA, USA",United States of America,To Be Determined,,
36dd2ab6-b454-40c5-8707-7d38c69cf226,2025-12-31,00:00:00,Electron,StriX Launch 8,"Rocket Lab Launch Complex 1, Mahia Peninsula, New Zealand",New Zealand,To Be Determined,,
98f70f28-397a-4c0d-aeb2-e7f8a88e0323,2025-12-31,00:00:00,Vulcan,GPS III SV09,"Cape Canaveral SFS, FL, USA",United States of America,To Be Determined,,
2d5f2335-c3c2-4306-9dde-8ec37f348ccf,2025-12-31,00:00:00,Falcon 9 Block 5,USSF-36,"Cape Canaveral SFS, FL, USA",United States of America,To Be Determined,,
d055f3cc-ef83-4229-98df-73bf68e67581,2025-12-31,00:00:00,Vulcan,USSF-43,"Cape Canaveral SFS, FL, USA",United States of America,To Be Determined,,
317a2749-46be-45e3-93f7-fbaecba04ac6,2025-12-31,00:00:00,Vulcan,SDA Tranche 1 Tracking Layer B,"Vandenberg SFB, CA, USA",United States of America,To Be Determined,,
b3a7aacd-4f23-45a8-aa6c-da9f34804452,2025-12-31,00:00:00,Unknown,Owlet-01,"Cape Canaveral SFS, FL, USA",United States of America,To Be Determined,,
04522dea-1450-48f5-bc9d-2d7f1e637f9b,2025-12-31,00:00:00,HASTE,Leidos-3,"Wallops Flight Facility, Virginia, USA",United States of America,To Be Determined,,
de6db617-3d40-414a-86d6-f365b130df30,2025-12-31,00:00:00,Epsilon S,RAISE-4 & others,"Uchinoura Space Center, Japan",Japan,To Be Determined,,
c3f48f48-0e0a-4bca-917e-de494cfca35b,2025-12-31,00:00:00,Falcon 9 Block 5,BlueBird Block 2 #3,"Cape Canaveral SFS, FL, USA",United States of America,To Be Determined,,
156a9e46-01b5-46f4-818e-ea563c71c5fe,2025-12-31,00:00:00,Electron,StriX Launch 9,"Rocket Lab Launch Complex 1, Mahia Peninsula, New Zealand",New Zealand,To Be Determined,,
0dcbd5ee-2728-4c79-8dc5-051ea11b888f,2025-12-31,00:00:00,Atlas V 551,Project Kuiper (KA-04),"Cape Canaveral SFS, FL, USA",United States of America,To Be Determined,,
594ae0c5-2039-4a1a-a6be-7b0940b2ed2c,2025-12-31,00:00:00,Falcon 9 Block 5,Project Kuiper (KF-02),"Cape Canaveral SFS, FL, USA",United States of America,To Be Determined,,
1b11f81e-cdbf-49aa-a7ce-aa79f609046c,2025-12-31,00:00:00,Orbex Prime,Maiden Flight,SaxaVord Spaceport,United Kingdom,To Be Determined,,
dfac5ab7-7017-454f-b6cf-eeed277a97b5,2025-12-31,00:00:00,LVM-3,Gaganyaan-1,"Satish Dhawan Space Centre, India",India,To Be Determined,,
20fa8dc4-8cab-41cf-b452-98a2620f7e86,2025-12-31,00:00:00,Falcon 9 Block 5,Rivada 2,"Vandenberg SFB, CA, USA",United States of America,To Be Determined,,
dca8749f-1552-485a-8061-f1ad79055b8d,2025-12-31,00:00:00,Falcon 9 Block 5,SDA Tranche 1 Tracking Layer C,"Vandenberg SFB, CA, USA",United States of America,To Be Determined,,
06201706-da6b-467e-83b2-ef2ff8596e05,2025-12-31,00:00:00,Vulcan,USSF-23,"Cape Canaveral SFS, FL, USA",United States of America,To Be Determined,,
0e17bb02-3f94-434e-8520-51c0c5273eee,2025-12-31,00:00:00,Vega-C,PLATiNO 1,"Guiana Space Centre, French Guiana",French Guiana,To Be Determined,,
17d0ec68-f466-4916-9dc5-16123eda6484,2025-12-31,00:00:00,GSLV Mk II,GISAT-2,"Satish Dhawan Space Centre, India",India,To Be Determined,,
0a63b1f5-16e9-44c2-b202-830e86b8e8e7,2025-12-31,00:00:00,Vulcan,USSF-112,"Cape Canaveral SFS, FL, USA",United States of America,To Be Determined,,
0196fba7-dd6c-4ba0-bf71-e1460930ffde,2025-12-31,00:00:00,HASTE,Leidos-4,"Wallops Flight Facility, Virginia, USA",United States of America,To Be Determined,,
01ca3653-126a-4c01-94fb-a9467b39cdac,2025-12-31,00:00:00,H3,Inmarsat satellite,"Tanegashima Space Center, Japan",Japan,To Be Determined,,
ab932c60-d808-4825-ab71-b6fe0a745f15,2025-12-31,00:00:00,Falcon 9 Block 5,Rivada 3,"Vandenberg SFB, CA, USA",United States of America,To Be Determined,,
b32689fe-b156-4ccd-b824-fd555d12ba24,2025-12-31,00:00:00,Vulcan,USSF-57,"Cape Canaveral SFS, FL, USA",United States of America,To Be Determined,,
98ec4234-8c4e-4365-b6c5-6b89da53f8dd,2025-12-31,00:00:00,New Glenn,Blue Moon Pathfinder,"Cape Canaveral SFS, FL, USA",United States of America,To Be Determined,,
de3d5d91-f115-4a86-b923-203a91a08735,2025-12-31,00:00:00,Falcon 9 Block 5,Axiom Space Mission 5,"Cape Canaveral SFS, FL, USA",United States of America,To Be Determined,,
fa895702-687b-4ba3-95fb-9462a2c9844b,2025-12-31,00:00:00,Falcon 9 Block 5,Rivada 5,"Vandenberg SFB, CA, USA",United States of America,To Be Determined,,
be8b4b0d-1989-48a5-a96d-e8e4d59ed8b3,2025-12-31,00:00:00,Falcon 9 Block 5,8 x Globalstar-3,"Cape Canaveral SFS, FL, USA",United States of America,To Be Determined,,
eaff0f48-04b7-49fc-bee6-9afd9ec8cc5f,2025-12-31,00:00:00,Vega-C,IRIDE 2,"Guiana Space Centre, French Guiana",French Guiana,To Be Determined,,
b5a9bccb-30d7-4af6-8ad1-fabb563be53c,2025-12-31,00:00:00,PSLV,TDS-01,"Satish Dhawan Space Centre, India",India,To Be Determined,,
da43dc2c-00af-4cc1-8ef1-90a60b2eb9e5,2025-12-31,00:00:00,Falcon 9 Block 5,SDA Tranche 1 Transport Layer A,"Vandenberg SFB, CA, USA",United States of America,To Be Determined,,
d55d90ff-c6e0-48b6-9d05-97d086677997,2025-12-31,00:00:00,Vulcan VC4L,Dream Chaser CRS 2 Flight 2,"Cape Canaveral SFS, FL, USA",United States of America,To Be Determined,,
b94b49fc-5784-4dfd-92e7-07e57f50edcd,2025-12-31,00:00:00,Firefly Alpha,TacSat,"Vandenberg SFB, CA, USA",United States of America,To Be Determined,,
912a8aee-8fc2-47b4-81a5-040fa0e0a36f,2025-12-31,00:00:00,Vega-C,IRIDE 1,"Guiana Space Centre, French Guiana",French Guiana,To Be Determined,,
c101b9da-2165-4d7b-aa9e-12a965ef8cd2,2025-12-31,00:00:00,GSLV,IDRSS-1,"Satish Dhawan Space Centre, India",India,To Be Determined,,
a9ee8337-127d-4f17-9e3a-a07999f80099,2025-12-31,00:00:00,Vulcan,SDA Tranche 1 Tracking Layer D,"Vandenberg SFB, CA, USA",United States of America,To Be Determined,,
dc1b1aea-7a5f-4b39-9df5-1fd38dd670cf,2025-12-31,00:00:00,H3-22,Michibiki 5 (QZS-5),"Tanegashima Space Center, Japan",Japan,To Be Determined,,
d40b57ec-e294-4aa2-9822-33eb222105cb,2025-12-31,00:00:00,Vulcan,USSF-16,"Cape Canaveral SFS, FL, USA",United States of America,To Be Determined,,
9eb09815-c237-4fdd-9057-5b161131240c,2025-12-31,00:00:00,Atlas V 551,Project Kuiper (KA-08),"Cape Canaveral SFS, FL, USA",United States of America,To Be Determined,,
cd10c1a7-886f-427d-a653-106001da54d6,2025-12-31,00:00:00,Electron,NorthStar 3,"Rocket Lab Launch Complex 1, Mahia Peninsula, New Zealand",New Zealand,To Be Determined,,
a8c191e1-b231-4b2e-aefd-5e8ad55c7a82,2025-12-31,00:00:00,Miura 5,Maiden Flight,"Guiana Space Centre, French Guiana",French Guiana,To Be Determined,,
7df7d8d1-1ec5-41ab-8504-e61204f2873b,2025-12-31,00:00:00,Falcon 9 Block 5,Cygnus CRS-2 NG-22,"Cape Canaveral SFS, FL, USA",United States of America,To Be Determined,,
61ba04f7-64c4-443d-836c-151f83954e85,2025-12-31,00:00:00,Skyrora XL,Maiden flight,SaxaVord Spaceport,United Kingdom,To Be Determined,,
bc939d6c-4f57-44d8-8caf-dd81c0872a9e,2025-12-31,00:00:00,Electron,NorthStar 2,"Rocket Lab Launch Complex 1, Mahia Peninsula, New Zealand",New Zealand,To Be Determined,,
9d69b85a-940d-4c1a-be75-6449d3b2a836,2025-12-31,00:00:00,Long March 3B/E,Fengyun-4C,"Xichang Satellite Launch Center, People's Republic of China",China,To Be Determined,,
f7a003eb-6eab-48e0-8c53-4ee9b1252696,2025-12-31,00:00:00,Proton-M/Blok DM-03,Elektro-L No.5,"Baikonur Cosmodrome, Republic of Kazakhstan",Kazakhstan,To Be Determined,,
be192717-7a53-4dd6-8977-2200a4fe9773,2025-12-31,00:00:00,Vulcan,NROL-83,"Cape Canaveral SFS, FL, USA",United States of America,To Be Determined,,
dfd444f9-ddda-4b35-8f51-cda7cd801809,2025-12-31,00:00:00,Falcon 9 Block 5,Rivada 1,"Vandenberg SFB, CA, USA",United States of America,To Be Determined,,
a96ece1c-c745-43cc-a08a-b623e7b93957,2025-12-31,00:00:00,Neutron,Maiden Flight,"Wallops Flight Facility, Virginia, USA",United States of America,To Be Determined,,
91f5f940-da5a-44de-a10a-b44c59066285,2025-12-31,00:00:00,Vega-C,Korean Multi-purpose Satellite 6 (KOMPSAT-6),"Guiana Space Centre, French Guiana",French Guiana,To Be Determined,,
c5c59136-3554-45e7-9583-9d5611bed7b4,2025-12-31,00:00:00,Soyuz 2.1b/Fregat,Glonass-K1 No. 18,"Plesetsk Cosmodrome, Russian Federation",Russia,To Be Determined,,
ff0a6a32-6513-4e85-9fd8-a2d022add74d,2025-12-31,00:00:00,Atlas V 551,Project Kuiper (KA-07),"Cape Canaveral SFS, FL, USA",United States of America,To Be Determined,,
7766f3bb-674c-4c71-b986-963bd633fcfe,2025-12-31,00:00:00,Electron,6x HawkEye 360,"Wallops Flight Facility, Virginia, USA",United States of America,To Be Determined,,
66172ee0-3d02-4640-a802-55025a51172d,2025-12-31,00:00:00,Electron,StriX Launch 7,"Rocket Lab Launch Complex 1, Mahia Peninsula, New Zealand",New Zealand,To Be Determined,,
4b42add0-3da7-4ae7-b830-f8a1aa8dda85,2025-12-31,00:00:00,Falcon 9 Block 5,SDA Tranche 1 Transport Layer C,"Vandenberg SFB, CA, USA",United States of America,To Be Determined,,
ca4fc7a6-fa84-47f7-89f7-dcf299665817,2025-12-31,00:00:00,Minotaur IV,STP-S29A,"Vandenberg SFB, CA, USA",United States of America,To Be Determined,,
d3bd7fb2-fac6-49fc-ae52-cee07d2fde67,2025-12-31,00:00:00,Falcon Heavy,Griffin Mission One,"Kennedy Space Center, FL, USA",United States of America,To Be Determined,,
9bfa0324-db74-444f-8dc3-1c7d373ca659,2025-12-31,00:00:00,Falcon 9 Block 5,5x Astranis MicroGEO,"Cape Canaveral SFS, FL, USA",United States of America,To Be Determined,,
53769468-bfd3-45c7-a52b-46a68ed7510f,2025-12-31,00:00:00,Falcon 9 Block 5,BlueBird Block 2 #2,"Cape Canaveral SFS, FL, USA",United States of America,To Be Determined,,
d9adedc4-8fa1-4a36-84f9-43b8893a6865,2025-12-31,00:00:00,Falcon 9 Block 5,SDA Tranche 1 Transport Layer E,"Vandenberg SFB, CA, USA",United States of America,To Be Determined,,
581d1d85-bbe8-48f1-9dac-5b4e63503896,2025-12-31,00:00:00,Unknown,VCLS Demo 2 Mission One,"Cape Canaveral SFS, FL, USA",United States of America,To Be Determined,,
b0ca3e7a-650e-4af6-bdf9-658e6e114763,2025-12-31,00:00:00,Electron,LEO-PNT Pathfinder A,"Rocket Lab Launch Complex 1, Mahia Peninsula, New Zealand",New Zealand,To Be Determined,,
46d6822b-82aa-452c-aa34-80b6f052de84,2025-12-31,00:00:00,Falcon 9 Block 5,Rivada 6,"Vandenberg SFB, CA, USA",United States of America,To Be Determined,,
9f6d8a5a-f77c-42ff-b377-91628862ae59,2025-12-31,00:00:00,Atlas V 551,Project Kuiper (KA-03),"Cape Canaveral SFS, FL, USA",United States of America,To Be Determined,,
4c78e865-8f03-4f47-a081-b507da270d19,2025-12-31,00:00:00,Falcon 9 Block 5,USSF-31,"Cape Canaveral SFS, FL, USA",United States of America,To Be Determined,,
458e2e52-87b0-4707-96d8-6899f92e53ee,2025-12-31,00:00:00,Soyuz 2.1b/Fregat,Glonass-K1 No. 19,"Plesetsk Cosmodrome, Russian Federation",Russia,To Be Determined,,
3de97847-11cd-40e3-ba7f-e16b276612de,2025-12-31,00:00:00,Electron,BlackSky Gen-3 4,"Rocket Lab Launch Complex 1, Mahia Peninsula, New Zealand",New Zealand,To Be Determined,,
b89ab080-66c3-4831-85a9-38d85da71d30,2025-12-31,00:00:00,H3-22,Michibiki 7 (QZS-7),"Tanegashima Space Center, Japan",Japan,To Be Determined,,
b81156da-c0b8-46c8-aebd-8af8d2be83cd,2025-12-31,00:00:00,Electron,BlackSky Gen-3 5,"Rocket Lab Launch Complex 1, Mahia Peninsula, New Zealand",New Zealand,To Be Determined,,
fc69c107-b0ad-47e9-8973-9de75a7c6b6d,2025-12-31,00:00:00,Electron,iQPS Launch 4,"Rocket Lab Launch Complex 1, Mahia Peninsula, New Zealand",New Zealand,To Be Determined,,
71489c66-8ecd-4610-9847-3620a543fd75,2025-12-31,00:00:00,HASTE,Leidos-5,"Wallops Flight Facility, Virginia, USA",United States of America,To Be Determined,,
4cc237b2-c61a-491e-9532-466cce81f524,2025-12-31,00:00:00,Ariane 64,ViaSat-3 Asia-Pacific,"Guiana Space Centre, French Guiana",French Guiana,To Be Determined,-1.0,
63b7d43c-2711-4191-aa1e-344f9339ff34,2025-12-31,00:00:00,Minotaur IV,EWS OD-1,"Vandenberg SFB, CA, USA",United States of America,To Be Determined,,
36c05136-e9c5-4d50-ae8e-8a2d38710071,2025-12-31,00:00:00,PSLV,RISAT-2A,"Satish Dhawan Space Centre, India",India,To Be Determined,,
7e89e423-6f47-40a0-b075-c6fc1d9cf228,2025-12-31,00:00:00,Atlas V 551,Project Kuiper (KA-06),"Cape Canaveral SFS, FL, USA",United States of America,To Be Determined,,
5ed6ab75-8c5b-4013-93e1-1deb56b14f1d,2025-12-31,00:00:00,Antares 330,Cygnus CRS-2 NG-24,"Wallops Flight Facility, Virginia, USA",United States of America,To Be Determined,,
4a0681be-ed20-40b9-870b-38de1583c0ef,2025-12-31,00:00:00,Electron,STP-S30,"Wallops Flight Facility, Virginia, USA",United States of America,To Be Determined,,
ac92d963-ebfb-4d18-b48c-04102d8dce8e,2025-12-31,00:00:00,Vulcan,NROL-64,"Cape Canaveral SFS, FL, USA",United States of America,To Be Determined,,
86d62815-9266-481b-951e-e53670d27341,2025-12-31,00:00:00,Falcon 9 Block 5,NROL-48,"Vandenberg SFB, CA, USA",United States of America,To Be Determined,,
5756f935-71f4-44de-a5e9-ecf1fb04ca3c,2025-12-31,00:00:00,Vega-C,PLATiNO 2,"Guiana Space Centre, French Guiana",French Guiana,To Be Determined,,
5d816773-89cb-48b9-9bf0-a9c4d8236785,2025-12-31,00:00:00,Electron,iQPS Launch 5,"Rocket Lab Launch Complex 1, Mahia Peninsula, New Zealand",New Zealand,To Be Determined,,
b81dceb4-71a0-41a6-aadd-955c6136b706,2025-12-31,00:00:00,Falcon 9 Block 5,425 Project Flight 5,"Cape Canaveral SFS, FL, USA",United States of America,To Be Determined,,
220e6d9f-33dc-4533-8a48-535ba4c559e2,2025-12-31,00:00:00,GSLV,IDRSS-2,"Satish Dhawan Space Centre, India",India,To Be Determined,,
cb0c27fd-496c-4f74-aa04-9c0e5af33e3c,2025-12-31,00:00:00,Epsilon S,JV-LOTUSat-1,"Uchinoura Space Center, Japan",Japan,To Be Determined,,
4541ce85-0e38-42ac-a9a0-20474bb5f2cd,2025-12-31,00:00:00,Falcon 9 Block 5,SDA Tranche 1 Transport Layer D,"Vandenberg SFB, CA, USA",United States of America,To Be Determined,,
63ddb2d1-8369-4681-8a50-e95819150382,2025-12-31,00:00:00,Vega-C,CSG-3,"Guiana Space Centre, French Guiana",French Guiana,To Be Determined,,
71eba994-ab9f-4707-ba5e-024cfff73c01,2025-12-31,00:00:00,Ariane 64,Project Kuiper (Ariane 6 #1),"Guiana Space Centre, French Guiana",French Guiana,To Be Determined,,
1e562a6b-f1eb-4c9c-a074-4172c831ed70,2025-12-31,00:00:00,Electron,iQPS Launch 6,"Rocket Lab Launch Complex 1, Mahia Peninsula, New Zealand",New Zealand,To Be Determined,,
8a9f7ce9-4ab5-4227-95f1-9f328def8828,2025-12-31,00:00:00,Atlas V 551,Project Kuiper (KA-05),"Cape Canaveral SFS, FL, USA",United States of America,To Be Determined,,
